id,first_name,last_name,email,gender,age,Mobile Brand
1,Livvy,Bontoft,lbontoft0@smh.com.au,Female,48,Samsung
2,Lucius,Pittock,lpittock1@pagesperso-orange.fr,Male,21,Philips
3,Adamo,Piddocke,apiddocke2@google.fr,Male,59,Sony
4,Teena,Shaw,tshaw3@delicious.com,Female,29,Xiaomi
5,Gilbertine,Guisot,gguisot4@posterous.com,Female,36,LG
6,Carley,Seaborn,cseaborn5@edublogs.org,Female,79,Philips
7,Trudey,Das,tdas6@furl.net,Female,40,T-Mobile
8,Cassi,Thebeaud,cthebeaud7@japanpost.jp,Female,63,Celkon
9,Shandie,Hightown,shightown8@house.gov,Female,12,Lava
10,Reece,Butterley,rbutterley9@zimbio.com,Male,40,LG
11,Jania,Dugdale,jdugdalea@edublogs.org,Female,45,alcatel
12,Trudy,O'Flaherty,toflahertyb@ebay.co.uk,Female,33,Motorola
13,Adrea,Knock,aknockc@youku.com,Female,32,HP
14,Alessandro,Cottle,acottled@hao123.com,Male,53,Samsung
15,Nani,Hallsworth,nhallsworthe@opensource.org,Female,22,Samsung
16,Karlee,Faulkes,kfaulkesf@fc2.com,Female,64,Icemobile
17,Husein,Comelli,hcomellig@webmd.com,Male,79,Siemens
18,Rivy,Gozney,rgozneyh@fc2.com,Female,21,Meizu
19,Julius,Drejer,jdrejeri@hud.gov,Male,76,Coolpad
20,Sadella,Huxstep,shuxstepj@storify.com,Female,55,Asus
21,Julianne,Flott,jflottk@nsw.gov.au,Polygender,37,Huawei
22,Winona,Plackstone,wplackstonel@imgur.com,Genderfluid,42,Samsung
23,Julian,Eytel,jeytelm@mit.edu,Male,20,Samsung
24,Giselbert,Millmoe,gmillmoen@cyberchimps.com,Male,74,Lenovo
25,Glenden,Torrisi,gtorrisio@rediff.com,Agender,80,Plum
26,Ara,Marcone,amarconep@delicious.com,Female,39,Xiaomi
27,Teddy,Landeaux,tlandeauxq@skyrock.com,Male,65,LG
28,Tremaine,Lucy,tlucyr@bbc.co.uk,Male,23,Asus
29,Zea,Mabone,zmabones@mozilla.com,Female,57,Huawei
30,Terrel,Muzzall,tmuzzallt@amazon.com,Male,46,Energizer
31,Jeddy,Giroldi,jgiroldiu@typepad.com,Male,37,Spice
32,Astrix,McClancy,amcclancyv@seesaa.net,Female,46,Lenovo
33,Morganne,Taffie,mtaffiew@businessweek.com,Female,33,Siemens
34,Abbey,Ibbison,aibbisonx@posterous.com,Male,15,Samsung
35,Tedie,Tabb,ttabby@qq.com,Male,79,Motorola
36,May,Giacopazzi,mgiacopazziz@google.com.au,Female,25,Plum
37,Megen,Birrell,mbirrell10@jiathis.com,Female,50,alcatel
38,Gerianne,Poll,gpoll11@slideshare.net,Female,17,Samsung
39,Rochelle,Jendrach,rjendrach12@oaic.gov.au,Female,42,Samsung
40,Karlee,Carss,kcarss13@macromedia.com,Female,22,Huawei
41,Honey,Beecker,hbeecker14@businessinsider.com,Female,57,Allview
42,Aila,Flello,aflello15@discuz.net,Genderqueer,36,BlackBerry
43,Shawna,Kinton,skinton16@utexas.edu,Female,34,Wiko
44,Alexandra,Dionisio,adionisio17@bing.com,Female,36,Samsung
45,Rorke,Childrens,rchildrens18@chicagotribune.com,Male,47,Mitsubishi
46,Othello,Pierson,opierson19@webeden.co.uk,Male,57,T-Mobile
47,Allegra,Sciacovelli,asciacovelli1a@tumblr.com,Female,76,Allview
48,Emmey,Bulcroft,ebulcroft1b@tumblr.com,Female,28,Xiaomi
49,Aguistin,Loiterton,aloiterton1c@guardian.co.uk,Male,27,Xiaomi
50,Gipsy,Rudge,grudge1d@chronoengine.com,Female,11,HTC
51,Selig,Fewell,sfewell1e@yellowbook.com,Male,10,Sony
52,Kerk,Dottrell,kdottrell1f@skyrock.com,Male,70,Samsung
53,Sterne,Ambroise,sambroise1g@mac.com,Male,52,Lava
54,Arden,Dunthorn,adunthorn1h@uiuc.edu,Female,37,Samsung
55,Charlot,Pickerell,cpickerell1i@icq.com,Female,42,Vertu
56,Rosalinda,O'Daly,rodaly1j@google.ru,Female,11,Huawei
57,Margi,Skeleton,mskeleton1k@princeton.edu,Female,68,Bird
58,Goldarina,Brickwood,gbrickwood1l@g.co,Female,34,Samsung
59,Aldrich,O'Scollee,aoscollee1m@cloudflare.com,Male,17,Panasonic
60,Orv,Godsell,ogodsell1n@who.int,Male,48,LG
61,Herold,Krauze,hkrauze1o@microsoft.com,Male,20,Xiaomi
62,Arlyne,Cortez,acortez1p@github.com,Female,68,vivo
63,Bibbie,Porker,bporker1q@cpanel.net,Female,29,Micromax
64,Dov,Pikett,dpikett1r@woothemes.com,Male,29,LG
65,Muffin,Giles,mgiles1s@bluehost.com,Male,80,Philips
66,Kathi,Dibdall,kdibdall1t@epa.gov,Female,80,Samsung
67,Cort,Janicki,cjanicki1u@ca.gov,Male,51,Gionee
68,Garreth,Whaley,gwhaley1v@skype.com,Male,53,Samsung
69,Kelby,Duval,kduval1w@bravesites.com,Male,17,Vodafone
70,Casandra,Birchenough,cbirchenough1x@behance.net,Female,32,Samsung
71,Nelle,McLucky,nmclucky1y@sitemeter.com,Agender,77,HP
72,Henriette,Gres,hgres1z@google.ru,Female,65,HTC
73,Bram,Pauer,bpauer20@marriott.com,Male,29,Sagem
74,Egbert,Doohan,edoohan21@meetup.com,Male,18,ZTE
75,Morlee,Raun,mraun22@seattletimes.com,Male,54,Gionee
76,Evered,Zylberdik,ezylberdik23@purevolume.com,Male,14,LG
77,Eileen,Kermitt,ekermitt24@istockphoto.com,Female,32,Orange
78,Terencio,Ahrenius,tahrenius25@aboutads.info,Male,42,Acer
79,Uriah,Giacopazzi,ugiacopazzi26@state.gov,Male,47,i-mate
80,Ingmar,Rubi,irubi27@storify.com,Male,23,Samsung
81,Manon,MacAdam,mmacadam28@ucoz.com,Female,60,Sony
82,Adolf,Whiles,awhiles29@cloudflare.com,Male,69,BLU
83,Archaimbaud,Amott,aamott2a@dropbox.com,Male,61,alcatel
84,Matilda,Eberz,meberz2b@cnbc.com,Genderfluid,39,Celkon
85,Raddie,Randle,rrandle2c@netvibes.com,Male,12,verykool
86,Annis,Wolseley,awolseley2d@nytimes.com,Female,23,LG
87,Corella,Nealey,cnealey2e@mysql.com,Female,48,Samsung
88,Jenny,Castello,jcastello2f@domainmarket.com,Female,34,Motorola
89,Jacob,Ambrois,jambrois2g@clickbank.net,Male,52,Gigabyte
90,Clement,St Ange,cstange2h@scientificamerican.com,Male,36,QMobile
91,Wendye,Tomisch,wtomisch2i@ihg.com,Female,14,Asus
92,Angeline,Weadick,aweadick2j@alexa.com,Female,59,Gigabyte
93,Evangelina,De Matteis,edematteis2k@behance.net,Agender,14,Karbonn
94,Winifield,Sallarie,wsallarie2l@utexas.edu,Male,19,Sony
95,Nickie,Linning,nlinning2m@ucsd.edu,Female,59,vivo
96,Tedda,Romain,tromain2n@java.com,Female,71,alcatel
97,Archibold,Nudde,anudde2o@google.com.br,Male,79,Samsung
98,Eunice,Mahedy,emahedy2p@hibu.com,Female,14,LG
99,Nicola,Houston,nhouston2q@diigo.com,Male,26,Karbonn
100,Joli,Schall,jschall2r@clickbank.net,Genderqueer,62,T-Mobile
101,Dulcy,Nann,dnann2s@patch.com,Female,69,Siemens
102,Cord,Beeson,cbeeson2t@guardian.co.uk,Male,17,BlackBerry
103,Davida,Astell,dastell2u@imgur.com,Non-binary,77,Sony
104,Claus,Brigman,cbrigman2v@epa.gov,Male,39,HTC
105,Haroun,Waller,hwaller2w@engadget.com,Male,23,Unnecto
106,Hyacinthe,Bindin,hbindin2x@admin.ch,Female,62,Realme
107,Saraann,Raddenbury,sraddenbury2y@meetup.com,Female,44,Karbonn
108,Cherish,Walbrook,cwalbrook2z@biblegateway.com,Female,67,Micromax
109,Connor,Kilius,ckilius30@google.pl,Male,25,Asus
110,Mair,Carlow,mcarlow31@census.gov,Female,64,Samsung
111,Justinn,Gonoude,jgonoude32@abc.net.au,Female,68,Yezz
112,Selle,Duckett,sduckett33@princeton.edu,Female,64,Nokia
113,Siffre,Werlock,swerlock34@eepurl.com,Male,15,O2
114,Timmie,Semark,tsemark35@lulu.com,Male,66,Oppo
115,Bobina,Torald,btorald36@desdev.cn,Female,62,HTC
116,Katrinka,Scoyles,kscoyles37@businessweek.com,Female,39,Philips
117,Dallon,Archbald,darchbald38@sohu.com,Male,39,BLU
118,Joshua,Bette,jbette39@hibu.com,Male,23,LG
119,Shurwood,Meads,smeads3a@state.gov,Male,10,O2
120,Skye,Scawn,sscawn3b@t.co,Male,19,Lava
121,Alfreda,Awdry,aawdry3c@discovery.com,Female,54,Wiko
122,Lynde,Snow,lsnow3d@jiathis.com,Female,13,Pantech
123,Rancell,McGeachy,rmcgeachy3e@theglobeandmail.com,Male,57,BLU
124,Cammy,Kelbie,ckelbie3f@sourceforge.net,Male,54,BlackBerry
125,Tyrus,Frowde,tfrowde3g@a8.net,Male,23,alcatel
126,Adelheid,Birchwood,abirchwood3h@meetup.com,Female,67,alcatel
127,Hillyer,Swainger,hswainger3i@blogger.com,Male,11,Nokia
128,Bonnie,Spoerl,bspoerl3j@yale.edu,Female,49,Haier
129,Khalil,Oakman,koakman3k@princeton.edu,Male,76,Nokia
130,Cobb,Caltera,ccaltera3l@cnn.com,Male,57,Nokia
131,Wainwright,Finey,wfiney3m@behance.net,Male,15,NEC
132,De witt,Garshore,dgarshore3n@php.net,Male,54,alcatel
133,Marjory,Laffling,mlaffling3o@networksolutions.com,Female,17,Philips
134,Dacia,Blackall,dblackall3p@google.com.br,Female,45,Nokia
135,Kassi,Aspel,kaspel3q@hp.com,Female,40,Orange
136,Claudell,Allewell,callewell3r@gravatar.com,Male,71,Samsung
137,Eirena,Corragan,ecorragan3s@networkadvertising.org,Polygender,64,Gionee
138,Christy,Tibb,ctibb3t@cocolog-nifty.com,Female,14,Sony
139,Romeo,Olligan,rolligan3u@cbc.ca,Male,16,Pantech
140,Tamas,Meffin,tmeffin3v@constantcontact.com,Male,53,LG
141,Northrop,Lanfare,nlanfare3w@samsung.com,Male,67,Nokia
142,Goraud,Souza,gsouza3x@hibu.com,Male,71,Siemens
143,Mylo,Masterton,mmasterton3y@yelp.com,Male,23,Xiaomi
144,Fedora,Morman,fmorman3z@delicious.com,Female,78,Nokia
145,Ralf,Pennicard,rpennicard40@aboutads.info,Male,41,Sagem
146,Freeman,Bassingden,fbassingden41@yellowbook.com,Male,23,HTC
147,Venus,Craigheid,vcraigheid42@cam.ac.uk,Female,63,Nokia
148,Lucine,Shiel,lshiel43@house.gov,Female,27,verykool
149,Sayre,Parmeter,sparmeter44@mozilla.org,Female,72,Infinix
150,Sherm,Cuckoo,scuckoo45@seattletimes.com,Male,49,HTC
151,Donni,Cowgill,dcowgill46@com.com,Female,30,Nokia
152,Raquel,Defty,rdefty47@scientificamerican.com,Female,18,ZTE
153,Christan,Haddick,chaddick48@list-manage.com,Female,12,BLU
154,Celestyna,Cavaney,ccavaney49@gmpg.org,Female,56,Sony
155,Marys,Caston,mcaston4a@wp.com,Female,46,XOLO
156,Jonathon,Need,jneed4b@meetup.com,Male,46,alcatel
157,Cathy,Adolthine,cadolthine4c@yellowpages.com,Female,14,Posh
158,Jasmin,Tellenbroker,jtellenbroker4d@craigslist.org,Female,34,Lava
159,Pennie,Tremayle,ptremayle4e@1und1.de,Female,50,Yezz
160,Sterne,Naldrett,snaldrett4f@ask.com,Male,24,Meizu
161,Kissiah,Nary,knary4g@hubpages.com,Female,65,verykool
162,Parke,Goldson,pgoldson4h@accuweather.com,Male,10,Acer
163,Lacie,Di Bernardo,ldibernardo4i@liveinternet.ru,Female,56,Samsung
164,Eunice,Moralas,emoralas4j@newyorker.com,Female,29,BLU
165,Archibold,Rosendorf,arosendorf4k@simplemachines.org,Male,29,Allview
166,Thebault,Lenihan,tlenihan4l@blinklist.com,Male,55,Samsung
167,Lothario,Strand,lstrand4m@indiegogo.com,Male,47,Samsung
168,Zuzana,Somers,zsomers4n@guardian.co.uk,Female,30,LG
169,Rhody,Mattiacci,rmattiacci4o@typepad.com,Female,35,Motorola
170,Elayne,Mort,emort4p@dyndns.org,Non-binary,57,Haier
171,Muffin,Wethey,mwethey4q@simplemachines.org,Female,76,BlackBerry
172,Sylas,Billingham,sbillingham4r@nyu.edu,Male,40,Emporia
173,Eal,Erdely,eerdely4s@networksolutions.com,Genderqueer,15,VK
174,Robin,Del Monte,rdelmonte4t@ucoz.ru,Male,33,Sony
175,Ossie,Vanini,ovanini4u@angelfire.com,Male,18,Pantech
176,Helena,Dudson,hdudson4v@virginia.edu,Female,68,QMobile
177,Matty,Treslove,mtreslove4w@blog.com,Male,48,LG
178,Lauralee,Pratt,lpratt4x@wordpress.com,Female,39,Samsung
179,Rosalynd,Heyward,rheyward4y@webmd.com,Female,51,Samsung
180,Meghann,Marousek,mmarousek4z@freewebs.com,Female,45,Meizu
181,Libbie,McNern,lmcnern50@spotify.com,Female,75,alcatel
182,Dulci,Essberger,dessberger51@shareasale.com,Female,46,Huawei
183,Tobiah,Prose,tprose52@omniture.com,Male,22,T-Mobile
184,Ivar,Micah,imicah53@unicef.org,Male,54,vivo
185,Rahal,McKenzie,rmckenzie54@cyberchimps.com,Female,74,Sony
186,Kizzie,Luppitt,kluppitt55@csmonitor.com,Female,74,Nokia
187,Dilly,Hatchette,dhatchette56@bloglines.com,Male,43,NEC
188,Arlee,Keasley,akeasley57@hugedomains.com,Female,55,alcatel
189,Brett,Faich,bfaich58@techcrunch.com,Female,22,LG
190,Daven,Garlant,dgarlant59@berkeley.edu,Non-binary,12,Samsung
191,Constantine,Bradshaw,cbradshaw5a@google.fr,Female,22,LG
192,Dionne,Cancelier,dcancelier5b@chicagotribune.com,Female,12,ZTE
193,Darrick,Train,dtrain5c@bizjournals.com,Male,79,T-Mobile
194,Desmund,Wyrall,dwyrall5d@google.pl,Male,11,BlackBerry
195,Evita,Highman,ehighman5e@narod.ru,Female,77,Micromax
196,Ingra,Emlen,iemlen5f@toplist.cz,Male,65,LG
197,Maxy,Sandercock,msandercock5g@istockphoto.com,Male,14,Asus
198,Bondy,Sedwick,bsedwick5h@ocn.ne.jp,Male,41,Samsung
199,Laure,Abrashkin,labrashkin5i@over-blog.com,Female,25,Micromax
200,Beverlee,Harrop,bharrop5j@si.edu,Female,70,Oppo
201,Val,Paulack,vpaulack5k@xrea.com,Male,53,Asus
202,Matias,Rusted,mrusted5l@meetup.com,Male,47,Plum
203,Tracey,Josefer,tjosefer5m@360.cn,Female,40,Siemens
204,Les,Vaz,lvaz5n@who.int,Genderfluid,33,BQ
205,Eddy,Shakshaft,eshakshaft5o@cnbc.com,Male,36,Oppo
206,Kenton,Juarez,kjuarez5p@ebay.com,Male,29,LG
207,Umberto,Aldhous,ualdhous5q@webs.com,Male,37,LeEco
208,Livvy,Insko,linsko5r@cnbc.com,Female,24,Huawei
209,Base,Wilkinson,bwilkinson5s@bigcartel.com,Male,77,XOLO
210,Tedd,Punch,tpunch5t@wufoo.com,Male,21,LG
211,Shayla,Ransley,sransley5u@utexas.edu,Genderfluid,25,Nokia
212,Brander,Itzkovwitch,bitzkovwitch5v@intel.com,Male,39,Spice
213,Sharlene,Houlison,shoulison5w@bigcartel.com,Female,33,Motorola
214,Hannis,Pettersen,hpettersen5x@vimeo.com,Female,30,Samsung
215,Skipp,Grossman,sgrossman5y@deviantart.com,Male,56,Samsung
216,Waldon,McColgan,wmccolgan5z@yale.edu,Male,30,alcatel
217,Pavla,Scrimgeour,pscrimgeour60@delicious.com,Female,28,Honor
218,Jon,Jellico,jjellico61@ihg.com,Male,22,vivo
219,Britney,Girtin,bgirtin62@jalbum.net,Female,32,Nokia
220,Estel,Caw,ecaw63@nymag.com,Female,43,Karbonn
221,Paige,Hane,phane64@joomla.org,Male,10,vivo
222,Carolee,Lovett,clovett65@mediafire.com,Female,76,LG
223,Candide,Harm,charm66@webnode.com,Female,33,Samsung
224,Brose,Collingham,bcollingham67@illinois.edu,Male,10,Philips
225,Sabine,Laurant,slaurant68@rakuten.co.jp,Female,56,Honor
226,Miguel,Lambell,mlambell69@spiegel.de,Male,27,Amoi
227,Cornelius,Lefort,clefort6a@google.co.uk,Agender,40,Lenovo
228,Billie,Blunsom,bblunsom6b@stanford.edu,Male,37,Huawei
229,Jaquelin,Trott,jtrott6c@youtube.com,Female,65,QMobile
230,Donall,Hogsden,dhogsden6d@yolasite.com,Male,43,Motorola
231,Cornelius,Petteford,cpetteford6e@bbb.org,Male,11,Motorola
232,Vick,Wrightam,vwrightam6f@nba.com,Male,37,Samsung
233,Brok,Plumptre,bplumptre6g@sfgate.com,Male,38,Xiaomi
234,Nelle,Dalmon,ndalmon6h@1688.com,Female,19,Samsung
235,Ephrem,Maddick,emaddick6i@ted.com,Male,54,Philips
236,Myrle,Yellowlees,myellowlees6j@hao123.com,Female,41,Motorola
237,Avigdor,Iacopetti,aiacopetti6k@bloglovin.com,Male,46,Spice
238,Shamus,Songist,ssongist6l@topsy.com,Male,79,vivo
239,Fernandina,Sherratt,fsherratt6m@example.com,Female,69,Vodafone
240,Zaneta,Storrah,zstorrah6n@dyndns.org,Female,72,Honor
241,Derick,Wymer,dwymer6o@princeton.edu,Male,20,Cat
242,Barbaraanne,Triggs,btriggs6p@networksolutions.com,Female,76,LG
243,Grayce,Dael,gdael6q@fc2.com,Bigender,21,Nokia
244,Minne,Dudek,mdudek6r@intel.com,Female,34,TCL
245,Tammie,Plitz,tplitz6s@twitter.com,Non-binary,20,Siemens
246,Kyle,Titheridge,ktitheridge6t@yale.edu,Female,53,Sagem
247,Pattie,McCloughlin,pmccloughlin6u@domainmarket.com,Female,14,Micromax
248,Charlie,Berg,cberg6v@wiley.com,Male,31,Samsung
249,Nessie,Woodfine,nwoodfine6w@hugedomains.com,Female,27,Chea
250,Erek,Manass,emanass6x@bloglovin.com,Male,36,HTC
251,Nevsa,Svanini,nsvanini6y@linkedin.com,Female,54,LG
252,Denyse,Dumbarton,ddumbarton6z@aol.com,Female,78,Karbonn
253,Mimi,Degoe,mdegoe70@imgur.com,Female,76,Oppo
254,Tallia,Leisk,tleisk71@sciencedaily.com,Female,80,Lenovo
255,Emery,Bletcher,ebletcher72@diigo.com,Male,30,NEC
256,Stevie,Lillford,slillford73@xinhuanet.com,Male,34,Samsung
257,Emanuel,Southwood,esouthwood74@bloglines.com,Male,58,Philips
258,Lucias,Yerill,lyerill75@japanpost.jp,Male,42,Panasonic
259,Reinald,Margaritelli,rmargaritelli76@google.it,Male,43,Sony
260,Zelig,Woollacott,zwoollacott77@bigcartel.com,Male,69,Innostream
261,Anallese,Lowth,alowth78@cnbc.com,Female,13,Samsung
262,Dev,Rengger,drengger79@intel.com,Male,49,Samsung
263,Dirk,Withers,dwithers7a@360.cn,Male,24,Samsung
264,Merilee,Wein,mwein7b@ucoz.com,Female,44,Nokia
265,Arlan,Jakaway,ajakaway7c@nhs.uk,Male,69,Samsung
266,George,Cumbes,gcumbes7d@spotify.com,Female,78,QMobile
267,Randene,Jephcott,rjephcott7e@discovery.com,Female,53,Asus
268,Caria,Maylott,cmaylott7f@parallels.com,Female,23,Sonim
269,Vally,Langshaw,vlangshaw7g@domainmarket.com,Polygender,12,Nokia
270,Bethena,Anear,banear7h@g.co,Female,49,Lava
271,Alfie,Ridings,aridings7i@va.gov,Male,48,Samsung
272,Nara,Forward,nforward7j@apache.org,Genderqueer,48,HTC
273,Kacie,Durrans,kdurrans7k@cdbaby.com,Female,46,LG
274,Ashlan,Lahrs,alahrs7l@comcast.net,Female,71,Wiko
275,Quint,Robertsen,qrobertsen7m@ucoz.ru,Male,66,Tecno
276,Kirk,Durtnel,kdurtnel7n@netlog.com,Male,48,Allview
277,Debby,Sarginson,dsarginson7o@flickr.com,Female,52,Lenovo
278,Lindsy,Gobbet,lgobbet7p@ning.com,Bigender,44,Nokia
279,Ronni,Nayshe,rnayshe7q@nps.gov,Female,35,Nokia
280,Hercules,Fibbens,hfibbens7r@economist.com,Male,75,BenQ
281,Minni,d' Elboux,mdelboux7s@prlog.org,Female,73,verykool
282,Quincy,Merrisson,qmerrisson7t@mayoclinic.com,Male,13,verykool
283,Ceciley,Force,cforce7u@cargocollective.com,Female,12,T-Mobile
284,Niles,Witsey,nwitsey7v@bigcartel.com,Male,61,Gionee
285,Toddy,Lampet,tlampet7w@youtube.com,Male,27,Bird
286,Teodoro,Thackeray,tthackeray7x@alexa.com,Genderqueer,70,Samsung
287,Tessie,Cowland,tcowland7y@seesaa.net,Female,24,Huawei
288,Taddeo,Tanfield,ttanfield7z@hibu.com,Male,26,Karbonn
289,Pat,Baldini,pbaldini80@samsung.com,Non-binary,42,alcatel
290,Hedda,Niche,hniche81@fema.gov,Female,75,Sony
291,Martie,Szymanowicz,mszymanowicz82@google.ru,Male,34,Samsung
292,Enrico,Nizet,enizet83@un.org,Male,10,Haier
293,Cathleen,Wraight,cwraight84@bloomberg.com,Genderfluid,75,Sagem
294,Odille,Sandwith,osandwith85@netscape.com,Female,68,Sewon
295,Conney,Shipley,cshipley86@wikia.com,Male,20,Microsoft
296,Joel,Titmus,jtitmus87@ox.ac.uk,Genderfluid,72,alcatel
297,Emylee,Deelay,edeelay88@twitter.com,Female,35,Honor
298,Pat,Popelay,ppopelay89@facebook.com,Male,67,Motorola
299,Glory,Gritskov,ggritskov8a@businessweek.com,Female,19,Lenovo
300,Laney,Mulvihill,lmulvihill8b@networksolutions.com,Male,27,Samsung
301,Cori,Handrok,chandrok8c@ameblo.jp,Male,60,Lenovo
302,Arley,Knudsen,aknudsen8d@blogtalkradio.com,Male,15,Micromax
303,Shina,Balcon,sbalcon8e@washington.edu,Female,67,Lenovo
304,Jocko,McCulley,jmcculley8f@ebay.co.uk,Male,70,Amazon
305,Garwin,Shovlin,gshovlin8g@qq.com,Male,38,Samsung
306,Worden,Critten,wcritten8h@nifty.com,Male,31,Lenovo
307,Paten,Orts,ports8i@goo.ne.jp,Male,55,Oppo
308,Bernelle,Osmint,bosmint8j@ucla.edu,Agender,51,alcatel
309,Cecelia,Conyer,cconyer8k@technorati.com,Female,36,Nokia
310,Hanan,Beevors,hbeevors8l@purevolume.com,Male,34,BlackBerry
311,Pamella,Isaac,pisaac8m@addtoany.com,Female,72,Honor
312,Kettie,Wetwood,kwetwood8n@over-blog.com,Female,32,Spice
313,Bettye,Splain,bsplain8o@slashdot.org,Female,71,Amoi
314,Peadar,Andreev,pandreev8p@reuters.com,Male,24,Emporia
315,Fran,McGrann,fmcgrann8q@macromedia.com,Male,52,HTC
316,Kasper,Minnock,kminnock8r@posterous.com,Male,49,Lava
317,Sax,Boal,sboal8s@illinois.edu,Male,18,Tecno
318,Roscoe,Gagg,rgagg8t@naver.com,Genderqueer,16,Nokia
319,Osbourne,Beagan,obeagan8u@youtube.com,Male,42,Philips
320,Clarita,Wilhelmy,cwilhelmy8v@qq.com,Bigender,44,Haier
321,Claude,Davidowsky,cdavidowsky8w@scribd.com,Female,73,Micromax
322,Felicia,Dallinder,fdallinder8x@macromedia.com,Female,69,LG
323,Billie,Crinidge,bcrinidge8y@parallels.com,Male,18,Samsung
324,Flori,Bonome,fbonome8z@theguardian.com,Female,24,Acer
325,Ethelred,Pruckner,epruckner90@weebly.com,Male,47,LG
326,Caryl,Vannoort,cvannoort91@usatoday.com,Male,56,Samsung
327,Alida,Sandars,asandars92@go.com,Bigender,56,Siemens
328,Eustacia,Bortolozzi,ebortolozzi93@dailymail.co.uk,Female,48,Sony
329,Davidde,Charteris,dcharteris94@google.pl,Male,41,HTC
330,Raffarty,Phillcock,rphillcock95@sourceforge.net,Male,13,Celkon
331,Sara,Trevethan,strevethan96@nationalgeographic.com,Female,58,LG
332,Laughton,Boddington,lboddington97@a8.net,Male,52,Wiko
333,Ariel,Grimditch,agrimditch98@last.fm,Male,35,BLU
334,Noble,Gulland,ngulland99@networksolutions.com,Male,55,ZTE
335,Daffie,Bolsteridge,dbolsteridge9a@mtv.com,Female,42,Microsoft
336,Jemima,Lautie,jlautie9b@issuu.com,Female,14,Archos
337,Kara,Hallut,khallut9c@rakuten.co.jp,Female,37,Motorola
338,Tansy,de Courcey,tdecourcey9d@usa.gov,Female,55,LG
339,Jerrylee,Gaucher,jgaucher9e@hc360.com,Female,12,Tecno
340,Oralia,Burden,oburden9f@slashdot.org,Female,15,Nokia
341,Jenna,Smellie,jsmellie9g@linkedin.com,Female,18,Plum
342,Forster,Serck,fserck9h@theatlantic.com,Male,36,Sony
343,Warren,Whate,wwhate9i@typepad.com,Male,49,Oppo
344,Miner,Godfroy,mgodfroy9j@photobucket.com,Male,31,Samsung
345,Elihu,Juarez,ejuarez9k@senate.gov,Male,68,Asus
346,Gray,Leftridge,gleftridge9l@shop-pro.jp,Female,57,Infinix
347,Lovell,Wickwar,lwickwar9m@altervista.org,Male,16,ZTE
348,Cindi,Geerits,cgeerits9n@unblog.fr,Female,50,ZTE
349,Carl,Bedbrough,cbedbrough9o@xing.com,Male,50,HTC
350,Elizabet,Lumpkin,elumpkin9p@soup.io,Female,55,LG
351,Nico,Trench,ntrench9q@forbes.com,Genderfluid,76,Yezz
352,Emylee,Tugman,etugman9r@webnode.com,Female,57,HTC
353,Nataniel,MacKill,nmackill9s@japanpost.jp,Male,36,i-mobile
354,Perceval,Finicj,pfinicj9t@moonfruit.com,Male,53,Samsung
355,Allie,Creyke,acreyke9u@zdnet.com,Male,69,Samsung
356,Torrin,McCuffie,tmccuffie9v@independent.co.uk,Male,19,Samsung
357,Teresita,Castelow,tcastelow9w@fotki.com,Female,20,Nokia
358,Murry,Merfin,mmerfin9x@hatena.ne.jp,Male,25,Celkon
359,Tucky,Bernlin,tbernlin9y@va.gov,Male,67,Allview
360,Loralee,Dobby,ldobby9z@dell.com,Female,34,BLU
361,Timotheus,Shiril,tshirila0@oaic.gov.au,Non-binary,54,Spice
362,Lek,Warham,lwarhama1@discovery.com,Agender,56,Lava
363,Steffie,Agglione,sagglionea2@upenn.edu,Female,26,Nokia
364,Fidela,Runham,frunhama3@shop-pro.jp,Female,80,Gionee
365,Johnette,Brunnstein,jbrunnsteina4@mail.ru,Female,79,Realme
366,Tobey,Jeavon,tjeavona5@hugedomains.com,Female,27,Philips
367,Lonee,Bawden,lbawdena6@globo.com,Female,58,Lenovo
368,Benson,Lafflina,blafflinaa7@about.me,Male,62,Acer
369,Sterne,Saunder,ssaundera8@independent.co.uk,Male,32,Xiaomi
370,Anna-maria,Allnutt,aallnutta9@simplemachines.org,Female,19,NEC
371,Phyllys,Greystock,pgreystockaa@theguardian.com,Female,27,Motorola
372,Georgine,Brandle,gbrandleab@youtube.com,Genderfluid,20,Celkon
373,Zebedee,Kitney,zkitneyac@sbwire.com,Male,41,Celkon
374,Jarad,Woakes,jwoakesad@tmall.com,Male,45,QMobile
375,Fremont,Doig,fdoigae@forbes.com,Male,12,Motorola
376,Emmett,Extal,eextalaf@webmd.com,Male,49,T-Mobile
377,Christiane,Curee,ccureeag@npr.org,Female,53,LG
378,Tilly,Almon,talmonah@examiner.com,Female,40,Pantech
379,Alair,Lewsie,alewsieai@google.co.jp,Male,14,LG
380,Kaja,Sara,ksaraaj@mozilla.com,Female,26,Oppo
381,Joline,Pitrelli,jpitrelliak@issuu.com,Female,29,Nokia
382,Norris,Sapshed,nsapshedal@techcrunch.com,Genderfluid,26,LG
383,Jervis,Henrionot,jhenrionotam@woothemes.com,Non-binary,45,Motorola
384,Susanetta,McElory,smceloryan@businessweek.com,Female,36,Garmin-Asus
385,Richy,Rennels,rrennelsao@surveymonkey.com,Male,74,Infinix
386,Faber,Dubock,fdubockap@ehow.com,Male,60,Celkon
387,Carmelita,Doddrell,cdoddrellaq@github.io,Female,41,Bird
388,Dalia,McCrow,dmccrowar@sohu.com,Female,12,alcatel
389,Camile,Wherry,cwherryas@china.com.cn,Female,64,Samsung
390,Egon,Grimwade,egrimwadeat@europa.eu,Male,25,alcatel
391,Corina,Chattoe,cchattoeau@cnn.com,Female,41,Amoi
392,Lee,Mapes,lmapesav@shareasale.com,Female,18,Plum
393,Shay,Rout,sroutaw@oakley.com,Non-binary,55,LG
394,Claudie,Lamball,clamballax@rediff.com,Female,51,alcatel
395,Skelly,Atyea,satyeaay@businesswire.com,Male,36,alcatel
396,Lolita,Siddell,lsiddellaz@tiny.cc,Agender,54,Palm
397,Jane,Hessing,jhessingb0@goodreads.com,Female,28,Gigabyte
398,Johannes,Cunah,jcunahb1@nifty.com,Male,71,Asus
399,Lin,Greenough,lgreenoughb2@wikia.com,Female,15,Huawei
400,Guillaume,McGreay,gmcgreayb3@eventbrite.com,Male,10,HTC
401,Melisenda,Akitt,makittb4@slashdot.org,Female,55,Siemens
402,Penni,Dryburgh,pdryburghb5@ovh.net,Female,54,Samsung
403,Leopold,Acosta,lacostab6@wisc.edu,Male,17,Ericsson
404,Olvan,Holcroft,oholcroftb7@umich.edu,Male,68,Samsung
405,Rona,Ledgerton,rledgertonb8@cbsnews.com,Female,29,Bird
406,Faydra,Whittek,fwhittekb9@elpais.com,Polygender,78,Samsung
407,Benoit,Dominguez,bdominguezba@jigsy.com,Polygender,24,Oppo
408,Pascale,Matherson,pmathersonbb@tripod.com,Male,28,Micromax
409,Ulick,Gilffilland,ugilffillandbc@prnewswire.com,Male,77,Acer
410,Brigid,Newis,bnewisbd@state.gov,Female,19,HTC
411,Benedicto,Fernando,bfernandobe@printfriendly.com,Non-binary,29,Philips
412,Judon,Ledster,jledsterbf@purevolume.com,Male,22,ZTE
413,Zebulon,Eve,zevebg@tuttocitta.it,Male,33,Samsung
414,Holmes,Retchford,hretchfordbh@prnewswire.com,Male,73,Microsoft
415,Geno,Lowey,gloweybi@census.gov,Male,38,LG
416,Wakefield,Tabrett,wtabrettbj@mac.com,Male,64,Sewon
417,Tedman,Ramos,tramosbk@ucoz.com,Male,15,Emporia
418,Tomkin,Nightingale,tnightingalebl@comcast.net,Male,61,LG
419,Abramo,MacLennan,amaclennanbm@businesswire.com,Male,14,Asus
420,Remus,Sedgemore,rsedgemorebn@slideshare.net,Male,60,BLU
421,Thoma,Tarplee,ttarpleebo@alibaba.com,Male,49,ZTE
422,Robb,Folbigg,rfolbiggbp@discovery.com,Male,73,LG
423,Laney,Mathonnet,lmathonnetbq@booking.com,Male,49,LG
424,Marguerite,Danahar,mdanaharbr@narod.ru,Female,16,LG
425,Marlo,Lorans,mloransbs@wordpress.com,Male,53,BlackBerry
426,Humfrey,Spellsworth,hspellsworthbt@unesco.org,Male,76,Nokia
427,Agnola,Eveque,aevequebu@typepad.com,Female,11,Philips
428,Ayn,Ewart,aewartbv@flickr.com,Female,78,ZTE
429,Stacy,Yeldon,syeldonbw@washington.edu,Male,57,Xiaomi
430,Cammy,Olivetta,colivettabx@weibo.com,Male,58,Allview
431,Clem,Govinlock,cgovinlockby@blogtalkradio.com,Male,15,Samsung
432,Frasco,Messam,fmessambz@php.net,Male,34,Tecno
433,Claudia,Gasken,cgaskenc0@jalbum.net,Female,48,Spice
434,Rosana,Kilbane,rkilbanec1@weather.com,Female,40,Allview
435,Austen,Buckthought,abuckthoughtc2@msu.edu,Male,72,Lava
436,Niko,Shieber,nshieberc3@joomla.org,Male,54,Lenovo
437,Dunc,Skeggs,dskeggsc4@weibo.com,Male,22,Sony
438,Pattie,Durrance,pdurrancec5@clickbank.net,Female,68,Motorola
439,Camille,Doughton,cdoughtonc6@simplemachines.org,Female,33,Lava
440,Anna-diana,Cordero,acorderoc7@is.gd,Female,55,Motorola
441,Deny,MacDirmid,dmacdirmidc8@google.pl,Female,65,Micromax
442,Case,Fandrich,cfandrichc9@bloomberg.com,Male,34,LG
443,Lenard,Strethill,lstrethillca@buzzfeed.com,Male,61,Samsung
444,Maurizia,Hulance,mhulancecb@vimeo.com,Female,43,HTC
445,Barbra,Burndred,bburndredcc@theguardian.com,Female,40,Sony
446,Christina,Aberdein,caberdeincd@sphinn.com,Female,16,Allview
447,Bernita,Semper,bsemperce@state.gov,Female,21,Spice
448,Bren,Dakhno,bdakhnocf@harvard.edu,Female,34,HTC
449,Candie,De Rechter,cderechtercg@dell.com,Female,78,Sagem
450,Walther,Lambal,wlambalch@ifeng.com,Male,13,VK
451,Kathie,Tiron,ktironci@mayoclinic.com,Female,23,Nokia
452,Wit,Yesinov,wyesinovcj@independent.co.uk,Male,54,HTC
453,Pauly,Waghorn,pwaghornck@virginia.edu,Female,49,Motorola
454,Lutero,Benneton,lbennetoncl@soundcloud.com,Male,60,Karbonn
455,Ruy,Fentem,rfentemcm@delicious.com,Male,63,Tecno
456,Rocky,Blandford,rblandfordcn@google.co.jp,Male,70,Acer
457,Carole,Lydster,clydsterco@washington.edu,Female,56,Huawei
458,Perla,Hinckes,phinckescp@scientificamerican.com,Female,75,vivo
459,Alain,Degoe,adegoecq@lycos.com,Male,76,Motorola
460,Mariya,Hotson,mhotsoncr@chron.com,Female,73,Samsung
461,Fonsie,Hartas,fhartascs@vimeo.com,Male,19,Motorola
462,Meris,Notman,mnotmanct@barnesandnoble.com,Female,33,Sony
463,Allene,Lydall,alydallcu@e-recht24.de,Female,59,Ericsson
464,Rice,Quantick,rquantickcv@engadget.com,Male,58,BenQ
465,Ruben,Bernardot,rbernardotcw@vkontakte.ru,Male,63,Micromax
466,Hube,Josofovitz,hjosofovitzcx@slate.com,Male,63,Huawei
467,Karry,Houchin,khouchincy@merriam-webster.com,Female,72,Eten
468,Wiley,Dederick,wdederickcz@twitter.com,Male,39,LG
469,Alric,Pepperill,apepperilld0@purevolume.com,Male,38,Philips
470,Anne-marie,Stitle,astitled1@unesco.org,Female,30,Samsung
471,Chrotoem,Janata,cjanatad2@arstechnica.com,Male,17,QMobile
472,Fanni,Freear,ffreeard3@yellowpages.com,Female,78,Samsung
473,Sol,Cherry Holme,scherryholmed4@discovery.com,Male,73,alcatel
474,Jewelle,Troppmann,jtroppmannd5@boston.com,Female,11,QMobile
475,Doy,Kapelhoff,dkapelhoffd6@mysql.com,Male,43,Lenovo
476,Michail,Spoerl,mspoerld7@unesco.org,Male,57,Micromax
477,Michele,Ivers,miversd8@odnoklassniki.ru,Female,58,Samsung
478,Shirley,Ortiger,sortigerd9@mtv.com,Female,67,Celkon
479,Frankie,Tampin,ftampinda@icq.com,Male,29,Samsung
480,Aylmer,Steward,astewarddb@sfgate.com,Non-binary,40,Spice
481,Aura,Nottle,anottledc@ezinearticles.com,Female,39,Sagem
482,Maison,Maureen,mmaureendd@skype.com,Male,34,Nokia
483,Meriel,Rothermel,mrothermelde@wp.com,Female,61,HTC
484,Chalmers,Rook,crookdf@google.ca,Male,21,VK
485,Dolf,Henricsson,dhenricssondg@cornell.edu,Male,47,vivo
486,Tildi,Orthmann,torthmanndh@whitehouse.gov,Female,24,Samsung
487,Eadmund,Kermit,ekermitdi@jalbum.net,Non-binary,53,Huawei
488,Shayla,Pendreigh,spendreighdj@nationalgeographic.com,Non-binary,52,Plum
489,Odie,Jayes,ojayesdk@nba.com,Male,79,Amoi
490,Simone,Trittam,strittamdl@ning.com,Female,35,Pantech
491,Isahella,Antoniewski,iantoniewskidm@ftc.gov,Female,63,Apple
492,Kristien,Fernandes,kfernandesdn@moonfruit.com,Female,45,LG
493,Rhonda,Perassi,rperassido@ask.com,Female,42,Haier
494,Sallyanne,Tanguy,stanguydp@npr.org,Female,38,LG
495,Verna,Gunston,vgunstondq@yolasite.com,Female,41,Maxwest
496,Ingra,Parsisson,iparsissondr@nsw.gov.au,Non-binary,52,Acer
497,Vaughan,Godwyn,vgodwynds@squarespace.com,Male,32,Philips
498,Justino,Balmer,jbalmerdt@fotki.com,Male,55,Pantech
499,Sal,Longmire,slongmiredu@google.it,Male,75,alcatel
500,Antonius,Guiu,aguiudv@chron.com,Male,12,Oppo
501,Alva,Thunnercliffe,athunnercliffedw@yahoo.co.jp,Male,77,Panasonic
502,Janna,Rapper,jrapperdx@princeton.edu,Female,19,Samsung
503,Ingunna,Londesborough,ilondesboroughdy@dedecms.com,Female,77,vivo
504,Lanette,Trusdale,ltrusdaledz@weather.com,Female,32,Micromax
505,Wynn,Faircliffe,wfaircliffee0@flickr.com,Female,59,BLU
506,Boris,Densumbe,bdensumbee1@last.fm,Male,76,Samsung
507,Norrie,Bruty,nbrutye2@networksolutions.com,Female,27,LG
508,Odey,Acott,oacotte3@tripod.com,Male,32,Huawei
509,Roxanna,Haberjam,rhaberjame4@google.com.au,Female,18,Plum
510,Gretal,Karoly,gkarolye5@purevolume.com,Female,19,Samsung
511,Emile,Yarrow,eyarrowe6@engadget.com,Male,20,ZTE
512,Ashton,Tenbrug,atenbruge7@uiuc.edu,Genderqueer,11,Philips
513,Stoddard,Karolewski,skarolewskie8@php.net,Female,67,verykool
514,Ryley,Bowes,rbowese9@hubpages.com,Male,71,HTC
515,Ynes,Cushe,ycusheea@wordpress.com,Female,62,Lenovo
516,Dina,Dalziell,ddalzielleb@sphinn.com,Female,11,Bird
517,Robyn,Laugherane,rlaugheraneec@exblog.jp,Female,52,Nokia
518,Vi,Moncey,vmonceyed@hc360.com,Female,68,Samsung
519,Goober,Buglass,gbuglassee@examiner.com,Male,71,Celkon
520,Catie,Worsall,cworsallef@cpanel.net,Female,74,Amoi
521,Jolyn,Gilhoolie,jgilhoolieeg@smh.com.au,Female,73,Samsung
522,Kain,Fritche,kfritcheeh@pcworld.com,Male,24,Motorola
523,Doug,Pindell,dpindellei@quantcast.com,Male,23,LG
524,Stormie,Wabb,swabbej@weebly.com,Female,24,vivo
525,Farr,Lourenco,flourencoek@engadget.com,Male,72,Panasonic
526,Hedy,Hinrichs,hhinrichsel@twitter.com,Female,38,Lenovo
527,Bili,Turvie,bturvieem@yellowbook.com,Female,29,BenQ
528,Rusty,Bronger,rbrongeren@live.com,Male,41,Nokia
529,Carolus,Leicester,cleicestereo@so-net.ne.jp,Male,78,Micromax
530,Lindon,Eymer,leymerep@un.org,Genderqueer,51,LG
531,Tate,Largen,tlargeneq@indiegogo.com,Female,51,Lava
532,Katha,Gingold,kgingolder@who.int,Female,32,LG
533,Obediah,Majury,omajuryes@auda.org.au,Male,35,Huawei
534,Amy,Garnsworthy,agarnsworthyet@last.fm,Female,22,Nokia
535,Lizbeth,Baskeyfield,lbaskeyfieldeu@bbb.org,Female,78,LG
536,Obie,Brandolini,obrandoliniev@xrea.com,Male,73,HTC
537,Kial,Savill,ksavillew@irs.gov,Female,65,Samsung
538,Andros,Pollington,apollingtonex@netlog.com,Male,14,Samsung
539,Pamela,Heinert,pheinertey@harvard.edu,Female,80,HTC
540,Melba,Madill,mmadillez@nydailynews.com,Female,17,XOLO
541,Massimiliano,Hellens,mhellensf0@gizmodo.com,Male,65,BQ
542,Troy,Elland,tellandf1@slate.com,Male,73,Kyocera
543,David,Misson,dmissonf2@eepurl.com,Male,22,Qtek
544,Kinny,Burroughes,kburroughesf3@vimeo.com,Male,53,Sagem
545,Al,Whitton,awhittonf4@tiny.cc,Male,46,Maxwest
546,Portie,Crowest,pcrowestf5@unicef.org,Male,64,Honor
547,Ariadne,Schuler,aschulerf6@mlb.com,Female,69,Samsung
548,Julio,Ruit,jruitf7@xinhuanet.com,Male,74,XOLO
549,Felita,Totton,ftottonf8@ucla.edu,Female,59,Toshiba
550,Lorette,Cawcutt,lcawcuttf9@newyorker.com,Female,23,Huawei
551,Carlyn,Irvine,cirvinefa@rediff.com,Female,23,Xiaomi
552,Joyce,Derby,jderbyfb@wunderground.com,Female,67,OnePlus
553,Dreddy,Beekmann,dbeekmannfc@livejournal.com,Female,15,Orange
554,Chlo,Bortolussi,cbortolussifd@mozilla.com,Female,42,Samsung
555,Thomasin,McReynolds,tmcreynoldsfe@samsung.com,Female,63,Amoi
556,Nataniel,Brasner,nbrasnerff@quantcast.com,Male,47,Huawei
557,Ricky,Pearl,rpearlfg@bluehost.com,Male,76,Allview
558,Corenda,Pilsworth,cpilsworthfh@altervista.org,Female,13,Micromax
559,Lilith,Schapiro,lschapirofi@soundcloud.com,Female,20,Lava
560,Nappie,Chadwick,nchadwickfj@is.gd,Male,38,Asus
561,Zandra,Grattan,zgrattanfk@miitbeian.gov.cn,Female,22,Huawei
562,Malinda,Goudard,mgoudardfl@google.com.br,Female,40,Motorola
563,Harri,Skeermer,hskeermerfm@howstuffworks.com,Female,16,Sony
564,Fitzgerald,Bottinelli,fbottinellifn@liveinternet.ru,Non-binary,66,Micromax
565,Rennie,Sebrens,rsebrensfo@diigo.com,Female,67,Qtek
566,Rene,Ioannidis,rioannidisfp@independent.co.uk,Male,46,Sagem
567,Darla,Macken,dmackenfq@webeden.co.uk,Female,79,Samsung
568,Carny,Bellwood,cbellwoodfr@time.com,Genderqueer,38,Spice
569,Dana,Rustadge,drustadgefs@bluehost.com,Female,65,LG
570,Phaidra,Eagle,peagleft@purevolume.com,Female,62,BLU
571,Joe,Porter,jporterfu@bluehost.com,Male,73,Motorola
572,Ransom,Nast,rnastfv@cdbaby.com,Male,51,Lava
573,Henrietta,Tinker,htinkerfw@cam.ac.uk,Female,30,Allview
574,Fancy,Jobey,fjobeyfx@bloglovin.com,Female,51,Sony
575,Florinda,Adkins,fadkinsfy@yelp.com,Female,16,Allview
576,Analiese,Spiaggia,aspiaggiafz@sun.com,Female,26,BLU
577,Quinton,Sporle,qsporleg0@artisteer.com,Male,29,Samsung
578,Salomone,Oubridge,soubridgeg1@dion.ne.jp,Male,51,LG
579,Averill,Ryles,arylesg2@miitbeian.gov.cn,Polygender,31,Sony
580,Shirl,Sinkins,ssinkinsg3@statcounter.com,Female,21,Wiko
581,Thor,Goady,tgoadyg4@infoseek.co.jp,Male,79,HTC
582,Ingar,Zolini,izolinig5@wisc.edu,Male,33,ZTE
583,Sherman,Storek,sstorekg6@istockphoto.com,Male,70,Sonim
584,Michaelina,Wasmer,mwasmerg7@vimeo.com,Female,24,Asus
585,Janie,Pilkington,jpilkingtong8@tinyurl.com,Female,70,Motorola
586,Aleksandr,MacCarrick,amaccarrickg9@so-net.ne.jp,Male,55,BLU
587,Kellsie,Binner,kbinnerga@discuz.net,Female,19,verykool
588,Cristy,Corrigan,ccorrigangb@chron.com,Female,76,Motorola
589,Christin,Kaes,ckaesgc@netscape.com,Female,25,alcatel
590,Welsh,Pulley,wpulleygd@walmart.com,Male,33,Samsung
591,Jeanne,Walkling,jwalklingge@drupal.org,Female,37,Mitsubishi
592,Nadia,Hinkensen,nhinkensengf@ucla.edu,Female,60,Maxwest
593,Laurena,Parken,lparkengg@freewebs.com,Female,44,Vodafone
594,Tammy,Gilpillan,tgilpillangh@devhub.com,Bigender,27,Motorola
595,Gino,Levine,glevinegi@elegantthemes.com,Male,66,Micromax
596,Dreddy,Winter,dwintergj@amazon.co.jp,Female,74,vivo
597,Clement,Hodgins,chodginsgk@google.de,Polygender,75,HTC
598,Gal,Rikard,grikardgl@businesswire.com,Agender,65,Intex
599,Andromache,Loughlan,aloughlangm@nsw.gov.au,Bigender,80,Philips
600,Reinhold,Ponton,rpontongn@nps.gov,Male,33,Haier
601,Decca,Bollum,dbollumgo@eepurl.com,Male,62,OnePlus
602,Tam,Oppery,topperygp@sogou.com,Male,62,Samsung
603,Fritz,Kreuzer,fkreuzergq@dropbox.com,Genderqueer,42,XOLO
604,Franciskus,Frisel,ffriselgr@un.org,Non-binary,72,Yezz
605,Jaclin,Venes,jvenesgs@loc.gov,Female,72,Dell
606,Ofilia,Biswell,obiswellgt@ibm.com,Female,42,Allview
607,Braden,Fink,bfinkgu@un.org,Male,27,Sony
608,Wynne,Fronsek,wfronsekgv@addthis.com,Female,55,ZTE
609,Mateo,Suatt,msuattgw@sbwire.com,Male,12,BLU
610,Jenna,Ferrandez,jferrandezgx@webnode.com,Female,64,Samsung
611,Lorinda,St. Louis,lstlouisgy@twitpic.com,Female,26,Asus
612,Emmerich,Gorey,egoreygz@ow.ly,Male,69,Samsung
613,Stacia,Daid,sdaidh0@privacy.gov.au,Female,72,alcatel
614,Magnum,Gaynesford,mgaynesfordh1@yandex.ru,Male,80,vivo
615,Alexia,Bittleson,abittlesonh2@canalblog.com,Female,13,ZTE
616,Sheelah,Pedden,speddenh3@example.com,Bigender,74,LG
617,Beitris,McPaik,bmcpaikh4@drupal.org,Female,59,Motorola
618,Pepi,Wannan,pwannanh5@reference.com,Female,39,LG
619,Kaleb,Wyant,kwyanth6@sfgate.com,Male,14,Celkon
620,Gil,O'Dennehy,godennehyh7@webs.com,Male,36,Motorola
621,Roland,Maffei,rmaffeih8@cyberchimps.com,Male,47,BLU
622,Ruthe,Sharplin,rsharplinh9@reference.com,Female,68,BLU
623,Janel,Konneke,jkonnekeha@youtube.com,Female,46,LG
624,Sharai,Whales,swhaleshb@addtoany.com,Female,58,alcatel
625,Derward,Segeswoeth,dsegeswoethhc@fotki.com,Male,71,Sony
626,Jody,Kensall,jkensallhd@deliciousdays.com,Male,42,Bird
627,Henry,Loftus,hloftushe@cnbc.com,Male,14,Energizer
628,Timoteo,Weatherhogg,tweatherhogghf@altervista.org,Male,68,Samsung
629,Alwyn,Fenkel,afenkelhg@miitbeian.gov.cn,Male,62,Samsung
630,Powell,Medcalf,pmedcalfhh@harvard.edu,Genderfluid,34,Motorola
631,Townie,Lanigan,tlaniganhi@xrea.com,Male,54,Samsung
632,Courtney,Skitterel,cskitterelhj@cyberchimps.com,Agender,47,LG
633,Nesta,Di Iorio,ndiioriohk@senate.gov,Female,15,Samsung
634,Marcelo,Glasscoo,mglasscoohl@dagondesign.com,Male,76,Samsung
635,Lanette,Brotherhood,lbrotherhoodhm@sogou.com,Non-binary,41,Sony
636,Noell,Hertwell,nhertwellhn@lycos.com,Female,10,Wiko
637,Nero,Walklott,nwalklottho@yandex.ru,Male,16,vivo
638,Manon,Endean,mendeanhp@phoca.cz,Female,35,Allview
639,Brigg,Pritchard,bpritchardhq@jigsy.com,Male,36,BLU
640,Thurston,Draayer,tdraayerhr@infoseek.co.jp,Male,57,Asus
641,Nicko,Diter,nditerhs@simplemachines.org,Male,41,Microsoft
642,Nada,Shakespear,nshakespearht@facebook.com,Female,63,Lenovo
643,Harlie,Smeed,hsmeedhu@amazonaws.com,Female,74,Motorola
644,Bax,Dupey,bdupeyhv@go.com,Male,23,Motorola
645,Birdie,Biesinger,bbiesingerhw@tiny.cc,Agender,36,LG
646,Smitty,Grund,sgrundhx@comcast.net,Male,54,Nokia
647,Royall,Woltman,rwoltmanhy@irs.gov,Polygender,48,Allview
648,Sande,McGrorty,smcgrortyhz@about.com,Female,65,alcatel
649,Kerianne,Thal,kthali0@archive.org,Polygender,19,alcatel
650,Pammy,Nosworthy,pnosworthyi1@webeden.co.uk,Female,24,LG
651,Valry,Binyon,vbinyoni2@jigsy.com,Female,79,alcatel
652,Wilhelmina,Mosedill,wmosedilli3@eventbrite.com,Bigender,78,ZTE
653,Haydon,Lemasney,hlemasneyi4@comsenz.com,Male,48,Yezz
654,Ewen,Castanie,ecastaniei5@eventbrite.com,Male,60,Spice
655,Osbourne,Lawlings,olawlingsi6@senate.gov,Male,57,Sony
656,Lorry,O'Grady,logradyi7@psu.edu,Male,75,Panasonic
657,Armando,Meedendorpe,ameedendorpei8@comcast.net,Male,14,Allview
658,Polly,Babber,pbabberi9@who.int,Female,42,Unnecto
659,Marris,Unsworth,munsworthia@bigcartel.com,Female,59,O2
660,Faunie,Brandsma,fbrandsmaib@yale.edu,Female,14,Micromax
661,Andee,Dameisele,adameiseleic@jiathis.com,Female,47,Karbonn
662,Benedicto,Nevett,bnevettid@ucla.edu,Male,38,LG
663,Jacinda,MacWhan,jmacwhanie@xinhuanet.com,Female,14,Micromax
664,Chester,Jeacop,cjeacopif@t-online.de,Male,43,Celkon
665,Suellen,Postins,spostinsig@samsung.com,Genderfluid,68,Micromax
666,Jamison,Abramovici,jabramoviciih@facebook.com,Male,38,Huawei
667,Abbey,Rohan,arohanii@alexa.com,Male,15,Infinix
668,Jamie,Marshallsay,jmarshallsayij@nsw.gov.au,Male,67,Gigabyte
669,Morton,Rykert,mrykertik@reddit.com,Male,27,verykool
670,Roselle,Ketteringham,rketteringhamil@comcast.net,Female,79,Pantech
671,Edith,Ledamun,eledamunim@histats.com,Polygender,43,Philips
672,Blanche,Layson,blaysonin@sciencedirect.com,Female,74,Samsung
673,Pavla,Deeprose,pdeeproseio@ted.com,Female,37,Emporia
674,Wait,Staig,wstaigip@opensource.org,Male,43,Mitsubishi
675,Arney,Goulborne,agoulborneiq@ezinearticles.com,Male,64,Panasonic
676,Elston,Shapter,eshapterir@usnews.com,Male,15,Acer
677,Feliza,Kauble,fkaubleis@example.com,Female,54,LG
678,Chev,Nail,cnailit@meetup.com,Male,68,Plum
679,Lanni,Guerry,lguerryiu@weebly.com,Agender,37,Sagem
680,Alistair,Speakman,aspeakmaniv@devhub.com,Male,43,Xiaomi
681,Izaak,Tunnacliffe,itunnacliffeiw@slashdot.org,Polygender,13,Samsung
682,Ruprecht,Serrell,rserrellix@intel.com,Male,56,Celkon
683,Leela,Scamel,lscameliy@xinhuanet.com,Non-binary,52,Nokia
684,Cele,Hobell,chobelliz@forbes.com,Female,73,Motorola
685,Tamara,Keppel,tkeppelj0@about.com,Female,34,i-mobile
686,Eugenie,Ayres,eayresj1@cam.ac.uk,Female,44,HTC
687,May,Barroux,mbarrouxj2@4shared.com,Female,55,Sony
688,Gayle,Fransseni,gfranssenij3@drupal.org,Female,32,Apple
689,Mayne,Garshore,mgarshorej4@washington.edu,Male,39,Toshiba
690,Shalom,Shillito,sshillitoj5@disqus.com,Male,32,Lava
691,Kristo,Guilloton,kguillotonj6@army.mil,Male,25,Gionee
692,Huntley,Predohl,hpredohlj7@oaic.gov.au,Male,52,Motorola
693,Lennard,Geerits,lgeeritsj8@marketwatch.com,Male,74,Samsung
694,Alix,Padbery,apadberyj9@google.com,Female,77,LG
695,Thomasina,Yurenev,tyurenevja@google.com.au,Female,52,Micromax
696,Junette,Henrot,jhenrotjb@archive.org,Female,33,i-mobile
697,Hermina,Voice,hvoicejc@google.es,Female,80,Cat
698,Giana,Hunter,ghunterjd@sakura.ne.jp,Female,72,Amoi
699,Cristionna,Westby,cwestbyje@wix.com,Female,22,Lenovo
700,Kasper,Bengle,kbenglejf@bloomberg.com,Male,58,BlackBerry
701,Sawyer,Bernholt,sbernholtjg@github.com,Male,46,Wiko
702,Ernie,Pruce,eprucejh@mit.edu,Male,18,Panasonic
703,Otha,Abernethy,oabernethyji@jigsy.com,Female,20,BlackBerry
704,Koral,Bonnefin,kbonnefinjj@example.com,Female,46,Samsung
705,Ervin,Veeler,eveelerjk@shutterfly.com,Male,64,Samsung
706,Bridgette,Bezarra,bbezarrajl@shareasale.com,Female,71,alcatel
707,Arnold,Shurman,ashurmanjm@timesonline.co.uk,Male,79,HTC
708,Brennen,Boldison,bboldisonjn@skyrock.com,Male,39,Xiaomi
709,Michel,Parmeter,mparmeterjo@desdev.cn,Female,18,Samsung
710,Dennis,Dickons,ddickonsjp@go.com,Male,55,Archos
711,Frankie,Leftly,fleftlyjq@netlog.com,Female,56,Samsung
712,Ernestus,Balser,ebalserjr@miitbeian.gov.cn,Male,68,Celkon
713,Noach,Grastye,ngrastyejs@fc2.com,Male,42,Innostream
714,Mureil,Barczewski,mbarczewskijt@1und1.de,Female,12,Asus
715,Bev,Fisk,bfiskju@etsy.com,Male,11,LG
716,Yehudi,Hubatsch,yhubatschjv@xrea.com,Male,79,Lenovo
717,Freddi,Southan,fsouthanjw@bigcartel.com,Female,25,Lenovo
718,Hali,Olennikov,holennikovjx@icio.us,Bigender,58,Xiaomi
719,Barri,Dows,bdowsjy@hao123.com,Male,69,vivo
720,Skyler,Croutear,scroutearjz@fc2.com,Male,43,Yezz
721,Orlan,Denny,odennyk0@deliciousdays.com,Agender,45,Huawei
722,Tudor,Ginnety,tginnetyk1@posterous.com,Male,13,Sony
723,Fern,Lordon,flordonk2@indiatimes.com,Female,35,BlackBerry
724,Alfie,Rubra,arubrak3@xrea.com,Female,67,Oppo
725,Reinaldo,Fowlie,rfowliek4@amazon.co.jp,Male,48,Samsung
726,Penelope,Moss,pmossk5@google.co.jp,Female,65,Motorola
727,Read,Rubenfeld,rrubenfeldk6@ask.com,Male,55,BQ
728,Penny,Garwell,pgarwellk7@nytimes.com,Female,41,Sony
729,Selie,Malloch,smallochk8@shop-pro.jp,Female,64,vivo
730,Owen,Janos,ojanosk9@princeton.edu,Male,35,Tecno
731,Gwen,Eddins,geddinska@craigslist.org,Female,17,Samsung
732,Christie,Bodimeade,cbodimeadekb@yahoo.com,Male,59,Neonode
733,Murray,Grosier,mgrosierkc@technorati.com,Male,39,Honor
734,Velvet,Girdler,vgirdlerkd@ezinearticles.com,Female,14,Allview
735,Sherlock,Scolts,sscoltske@tiny.cc,Male,43,Acer
736,Emlynn,Kerin,ekerinkf@wired.com,Female,38,ZTE
737,Wilfrid,McKnish,wmcknishkg@123-reg.co.uk,Genderqueer,34,Sony
738,Cecil,Daventry,cdaventrykh@wordpress.com,Female,34,alcatel
739,Adolphe,Lacaze,alacazeki@e-recht24.de,Male,71,Samsung
740,Elita,Beranek,eberanekkj@51.la,Female,73,Philips
741,Diandra,Juanes,djuaneskk@usgs.gov,Female,17,BLU
742,Geri,Scaddon,gscaddonkl@feedburner.com,Female,41,Sony
743,Francesca,Fishby,ffishbykm@github.io,Female,28,Nokia
744,Fae,Ilieve,filievekn@illinois.edu,Female,16,NEC
745,Salomon,Concklin,sconcklinko@dyndns.org,Male,24,Huawei
746,Ryann,Battye,rbattyekp@devhub.com,Non-binary,20,Samsung
747,Lynelle,Kirimaa,lkirimaakq@typepad.com,Female,61,alcatel
748,Artemis,Doog,adoogkr@cargocollective.com,Male,41,Prestigio
749,Katherine,Cheetham,kcheethamks@ox.ac.uk,Female,39,Asus
750,Tallie,Sibun,tsibunkt@house.gov,Female,24,Realme
751,Morly,Schubart,mschubartku@ucsd.edu,Male,54,ZTE
752,Ermin,Kytter,ekytterkv@pbs.org,Male,40,verykool
753,Alicea,Andresser,aandresserkw@tamu.edu,Bigender,11,verykool
754,Patsy,Heigl,pheiglkx@g.co,Male,23,Samsung
755,Ruthann,Trynor,rtrynorky@rambler.ru,Female,41,ZTE
756,Crystal,Preist,cpreistkz@psu.edu,Female,12,XOLO
757,Monika,Lucchi,mlucchil0@mozilla.com,Female,56,verykool
758,My,Stickens,mstickensl1@vistaprint.com,Bigender,41,Sagem
759,Millard,Dunster,mdunsterl2@indiatimes.com,Male,12,Samsung
760,Roze,Springford,rspringfordl3@netscape.com,Female,56,Apple
761,Gan,Douris,gdourisl4@utexas.edu,Male,60,Sony
762,Elias,Darlington,edarlingtonl5@va.gov,Male,15,Micromax
763,Marcel,Memmory,mmemmoryl6@bizjournals.com,Male,67,Allview
764,Ophelia,Crock,ocrockl7@msu.edu,Female,46,Samsung
765,Risa,Oakenfield,roakenfieldl8@cornell.edu,Female,58,Allview
766,Patience,Edmott,pedmottl9@cyberchimps.com,Female,58,HTC
767,Nelia,Giacaponi,ngiacaponila@bbb.org,Female,43,Samsung
768,Yoko,Pick,ypicklb@163.com,Female,17,alcatel
769,Inge,Dicty,idictylc@yellowbook.com,Female,49,Energizer
770,Andra,Storcke,astorckeld@accuweather.com,Genderqueer,26,verykool
771,Gilbert,Cornely,gcornelyle@barnesandnoble.com,Male,42,Celkon
772,Gabriellia,Clackers,gclackerslf@plala.or.jp,Female,58,Oppo
773,Cointon,Murden,cmurdenlg@facebook.com,Male,33,Xiaomi
774,Cointon,Cushion,ccushionlh@redcross.org,Male,22,Motorola
775,Heddi,Saltmarsh,hsaltmarshli@bluehost.com,Female,43,BLU
776,Mortimer,Tinto,mtintolj@economist.com,Male,47,QMobile
777,Alessandro,Ausher,aausherlk@mapquest.com,Male,54,Gionee
778,Sacha,Riepel,sriepelll@oakley.com,Female,60,Siemens
779,Lotty,Littlewood,llittlewoodlm@altervista.org,Female,72,O2
780,Curtis,Romain,cromainln@usgs.gov,Male,42,Samsung
781,Griffin,Imrie,gimrielo@sakura.ne.jp,Male,60,Lenovo
782,Sara-ann,Agus,saguslp@dailymotion.com,Female,36,Philips
783,Rebeca,Szimoni,rszimonilq@yolasite.com,Female,69,Vodafone
784,Nell,Leese,nleeselr@netscape.com,Female,46,Plum
785,Verney,Rowaszkiewicz,vrowaszkiewiczls@nps.gov,Male,37,BlackBerry
786,Berte,Da Costa,bdacostalt@bbb.org,Female,38,Plum
787,Roxanne,Locks,rlockslu@yolasite.com,Female,24,Amoi
788,Philip,Lindenstrauss,plindenstrausslv@blogs.com,Male,16,Wiko
789,Sherrie,Stow,sstowlw@unblog.fr,Female,66,Sony
790,Adriano,Fearnall,afearnalllx@columbia.edu,Male,44,Samsung
791,Braden,Windley,bwindleyly@amazon.com,Male,26,Panasonic
792,Job,Yancey,jyanceylz@columbia.edu,Bigender,41,Celkon
793,Glendon,Nealand,gnealandm0@adobe.com,Male,54,Celkon
794,Kelley,Jealous,kjealousm1@alibaba.com,Female,49,QMobile
795,Elmo,Mannie,emanniem2@pinterest.com,Male,70,Siemens
796,Thornie,Searle,tsearlem3@businesswire.com,Male,19,Huawei
797,Gerek,Dearan,gdearanm4@ucoz.com,Male,62,alcatel
798,Ray,Whaplington,rwhaplingtonm5@nifty.com,Female,26,Energizer
799,Emmery,Lawlan,elawlanm6@php.net,Male,62,Unnecto
800,Sherye,McLaughlin,smclaughlinm7@economist.com,Female,36,Samsung
801,Aggi,Esparza,aesparzam8@cisco.com,Female,71,alcatel
802,Arlen,Burns,aburnsm9@tamu.edu,Female,50,BLU
803,Anatole,Duiguid,aduiguidma@imdb.com,Male,29,Karbonn
804,Ingemar,Goodfellowe,igoodfellowemb@wix.com,Genderfluid,66,Spice
805,Sigrid,Leakner,sleaknermc@goo.gl,Female,27,Asus
806,Burnard,Give,bgivemd@gov.uk,Male,70,Spice
807,Vick,Hubbuck,vhubbuckme@g.co,Male,49,Nokia
808,Donovan,Cammell,dcammellmf@bizjournals.com,Male,60,BLU
809,Timmi,O'Hederscoll,tohederscollmg@wired.com,Female,22,Motorola
810,Kelly,Morgan,kmorganmh@elpais.com,Female,14,LG
811,Woodman,Sandbatch,wsandbatchmi@miitbeian.gov.cn,Non-binary,51,Samsung
812,Koenraad,Chugg,kchuggmj@sbwire.com,Male,75,Nokia
813,Irwin,Caddies,icaddiesmk@issuu.com,Male,34,Panasonic
814,Agnella,Copsey,acopseyml@digg.com,Bigender,17,Eten
815,Andriana,Lacknor,alacknormm@altervista.org,Female,62,Asus
816,Kingston,Heindle,kheindlemn@wordpress.com,Male,31,QMobile
817,Maudie,Guirard,mguirardmo@thetimes.co.uk,Female,24,LG
818,Davine,Schwandermann,dschwandermannmp@msn.com,Female,48,Eten
819,Min,Shepstone,mshepstonemq@jiathis.com,Female,38,Celkon
820,Laverne,Gawthorpe,lgawthorpemr@desdev.cn,Polygender,51,Lenovo
821,Palm,Blance,pblancems@umich.edu,Male,37,Micromax
822,Annette,Hammerich,ahammerichmt@newyorker.com,Female,34,LG
823,Hannie,Glasspoole,hglasspoolemu@vistaprint.com,Female,36,Allview
824,Morgen,Antonov,mantonovmv@berkeley.edu,Male,16,Nokia
825,Rudyard,Schulter,rschultermw@wordpress.com,Male,29,Motorola
826,Merrel,Danko,mdankomx@wix.com,Male,54,Bird
827,Alida,Dilland,adillandmy@dropbox.com,Female,57,Motorola
828,Danica,Postan,dpostanmz@parallels.com,Female,63,BlackBerry
829,Sophie,Alyonov,salyonovn0@unicef.org,Female,31,Nokia
830,Gisele,Lutz,glutzn1@biblegateway.com,Female,34,Casio
831,Emile,Keemar,ekeemarn2@techcrunch.com,Male,20,i-mate
832,Addi,Wride,awriden3@cam.ac.uk,Female,37,Eten
833,Ric,Corsar,rcorsarn4@tripod.com,Male,79,Samsung
834,Lemuel,Broadley,lbroadleyn5@opera.com,Male,74,Nokia
835,Persis,Petrol,ppetroln6@dot.gov,Female,22,Nokia
836,Ruthanne,Garlant,rgarlantn7@army.mil,Female,78,Samsung
837,Arliene,Rivett,arivettn8@behance.net,Female,33,Panasonic
838,Daniela,Cardenas,dcardenasn9@google.co.uk,Female,73,Gionee
839,Dannie,Filipov,dfilipovna@wordpress.org,Female,52,Amoi
840,Maje,Wabb,mwabbnb@qq.com,Male,15,Sony
841,Ely,McGeagh,emcgeaghnc@artisteer.com,Male,30,Ericsson
842,Abagael,Washbrook,awashbrooknd@sourceforge.net,Female,80,Siemens
843,Jaine,Nisius,jnisiusne@hhs.gov,Female,65,Samsung
844,Rachael,Quickenden,rquickendennf@unicef.org,Female,19,Lenovo
845,Frederick,Taffee,ftaffeeng@exblog.jp,Male,23,Vertu
846,Brodie,Bulfield,bbulfieldnh@icio.us,Male,78,verykool
847,Justin,Kalinsky,jkalinskyni@elpais.com,Male,70,Ericsson
848,Judah,Uebel,juebelnj@bandcamp.com,Male,74,Asus
849,Agretha,Peppett,apeppettnk@dyndns.org,Female,55,Samsung
850,Gaby,Putman,gputmannl@biblegateway.com,Male,28,Lenovo
851,Trudi,Schubert,tschubertnm@is.gd,Female,37,Nokia
852,Sophia,Elloy,selloynn@ocn.ne.jp,Female,29,alcatel
853,Dyanne,Raynor,draynorno@goo.ne.jp,Female,16,Tecno
854,Genevieve,Rawcliff,grawcliffnp@fc2.com,Female,40,LG
855,Ferdinande,Thaim,fthaimnq@sitemeter.com,Female,13,Samsung
856,Casie,Lightwing,clightwingnr@hhs.gov,Female,77,LG
857,Nat,Ferrillio,nferrillions@histats.com,Genderfluid,20,vivo
858,Tabby,Attrey,tattreynt@nymag.com,Female,79,LG
859,Jaclyn,Lardez,jlardeznu@trellian.com,Female,34,Philips
860,Bellanca,Hatz,bhatznv@multiply.com,Female,38,TCL
861,Valerie,Dowse,vdowsenw@cpanel.net,Female,16,verykool
862,Rodger,Sudddard,rsudddardnx@google.ca,Male,16,Oppo
863,Minna,Rulf,mrulfny@sun.com,Female,17,Gionee
864,Lindie,Baldi,lbaldinz@com.com,Non-binary,21,Samsung
865,Drusilla,Fisher,dfishero0@arizona.edu,Female,62,Samsung
866,Nancy,Smee,nsmeeo1@va.gov,Female,41,i-mobile
867,Ruthann,Slowey,rsloweyo2@ucoz.com,Female,63,Nokia
868,Vivyanne,Coye,vcoyeo3@about.me,Female,11,i-mobile
869,Hamil,Ockwell,hockwello4@virginia.edu,Male,38,Nokia
870,Erek,Pynner,epynnero5@yellowpages.com,Male,37,verykool
871,Allin,Meaders,ameaderso6@barnesandnoble.com,Male,14,Ericsson
872,Melantha,Prazer,mprazero7@blinklist.com,Female,20,LG
873,Gilberta,Sarre,gsarreo8@cyberchimps.com,Female,42,Motorola
874,Gwyneth,Pawelek,gpaweleko9@artisteer.com,Female,23,alcatel
875,Boycey,Stanyan,bstanyanoa@meetup.com,Male,61,Vertu
876,Yule,Corrison,ycorrisonob@disqus.com,Male,54,Oppo
877,Niki,Goodered,ngooderedoc@weebly.com,Male,11,BLU
878,Libbi,Hatliffe,lhatliffeod@google.co.uk,Female,44,Samsung
879,Albina,Wyldbore,awyldboreoe@earthlink.net,Bigender,74,Energizer
880,Lock,Pobjay,lpobjayof@dell.com,Male,66,Xiaomi
881,Yale,Tabard,ytabardog@google.cn,Male,13,alcatel
882,Farly,Peoples,fpeoplesoh@domainmarket.com,Male,48,BLU
883,Darby,Bartlomieczak,dbartlomieczakoi@blinklist.com,Female,18,LG
884,Paulina,Sitwell,psitwelloj@pbs.org,Female,10,LG
885,Kassey,Leven,klevenok@gravatar.com,Female,44,HTC
886,Locke,Sammars,lsammarsol@mysql.com,Male,71,Pantech
887,Glynda,Skalls,gskallsom@howstuffworks.com,Female,59,Samsung
888,Carmela,Aicheson,caichesonon@oaic.gov.au,Female,17,Huawei
889,Pauly,Eusden,peusdenoo@chicagotribune.com,Male,66,Samsung
890,Roslyn,Commin,rcomminop@cocolog-nifty.com,Polygender,79,Motorola
891,Magdalena,Dobbie,mdobbieoq@deviantart.com,Female,62,Motorola
892,Adele,Reyburn,areyburnor@amazon.co.uk,Female,45,alcatel
893,Darsie,Hendrickx,dhendrickxos@devhub.com,Female,79,Allview
894,Sherm,Rizzelli,srizzelliot@washingtonpost.com,Male,50,Samsung
895,Dicky,Lysaght,dlysaghtou@intel.com,Genderfluid,45,Samsung
896,Jayne,Clemencet,jclemencetov@hexun.com,Female,36,Gionee
897,Bay,Odams,bodamsow@multiply.com,Non-binary,30,Dell
898,Fabiano,Blasli,fblasliox@sphinn.com,Male,75,Lenovo
899,Immanuel,Ovens,iovensoy@aboutads.info,Male,56,Spice
900,Florrie,Fibben,ffibbenoz@cyberchimps.com,Female,41,vivo
901,Redd,Iianon,riianonp0@github.com,Male,50,Lenovo
902,Perrine,Orth,porthp1@telegraph.co.uk,Female,17,Sony
903,Perrine,Woodward,pwoodwardp2@bandcamp.com,Female,20,Nokia
904,Paddy,Tomaino,ptomainop3@nationalgeographic.com,Bigender,29,Samsung
905,Martainn,Ebrall,mebrallp4@va.gov,Male,67,Samsung
906,Bartholemy,Cadden,bcaddenp5@psu.edu,Male,31,verykool
907,Marybelle,Anning,manningp6@bizjournals.com,Female,37,Lava
908,Trixy,Blazejewski,tblazejewskip7@webnode.com,Female,25,Icemobile
909,Miguel,Pickton,mpicktonp8@dyndns.org,Male,21,Oppo
910,Joshia,Gilbride,jgilbridep9@hostgator.com,Male,37,Samsung
911,Stephanie,Spleving,ssplevingpa@dyndns.org,Genderfluid,65,Maxon
912,Tracie,Simmill,tsimmillpb@ted.com,Male,16,OnePlus
913,Delphine,McCauley,dmccauleypc@delicious.com,Female,34,Asus
914,Matthus,Grayham,mgrayhampd@wix.com,Male,34,vivo
915,Freddy,Klaaassen,fklaaassenpe@ning.com,Male,45,Celkon
916,Jeana,Goodlud,jgoodludpf@purevolume.com,Female,29,ZTE
917,Lynea,Signoret,lsignoretpg@yandex.ru,Female,25,Samsung
918,Madelon,Chaloner,mchalonerph@mail.ru,Female,79,Google
919,Amelia,Chart,achartpi@google.it,Female,79,Maxwest
920,Blakeley,Avrahamov,bavrahamovpj@mail.ru,Female,25,Bird
921,Deedee,Lonergan,dlonerganpk@ustream.tv,Female,51,LG
922,Boycie,Kiltie,bkiltiepl@epa.gov,Male,60,vivo
923,Cathy,Giacomelli,cgiacomellipm@army.mil,Female,67,Micromax
924,Goraud,Splaven,gsplavenpn@issuu.com,Male,38,LG
925,Silvia,Dobrowski,sdobrowskipo@fc2.com,Female,34,Amoi
926,Kiel,Eckhard,keckhardpp@youtube.com,Agender,74,Sony
927,Chuck,Wolpert,cwolpertpq@archive.org,Polygender,41,Lenovo
928,Filbert,Crosby,fcrosbypr@ocn.ne.jp,Male,71,Microsoft
929,Dana,Thurlow,dthurlowps@yellowpages.com,Male,34,Nokia
930,Gwyn,Caldicott,gcaldicottpt@wp.com,Female,51,Huawei
931,Dody,Hasted,dhastedpu@berkeley.edu,Female,12,Sharp
932,Kearney,Hawksley,khawksleypv@skype.com,Male,74,Philips
933,Gay,Mowle,gmowlepw@diigo.com,Male,52,Plum
934,Orbadiah,Stair,ostairpx@xrea.com,Male,48,T-Mobile
935,Thatcher,Arp,tarppy@soundcloud.com,Male,46,ZTE
936,Clarinda,Savege,csavegepz@yahoo.co.jp,Female,27,QMobile
937,Jaquelyn,Vamplus,jvamplusq0@hhs.gov,Female,12,Samsung
938,Perla,Dufaur,pdufaurq1@prlog.org,Female,74,Kyocera
939,Orran,Hugill,ohugillq2@phpbb.com,Male,22,Sagem
940,Oswell,Rymell,orymellq3@epa.gov,Male,25,Huawei
941,Neel,Coult,ncoultq4@nhs.uk,Male,66,Micromax
942,Lorri,Frankcombe,lfrankcombeq5@foxnews.com,Female,27,Lenovo
943,Kurtis,Marciskewski,kmarciskewskiq6@sohu.com,Male,72,Samsung
944,Abdel,Ivanyutin,aivanyutinq7@archive.org,Male,69,Samsung
945,Rayna,Werndley,rwerndleyq8@soundcloud.com,Female,31,Samsung
946,Justino,Vedikhov,jvedikhovq9@wiley.com,Male,21,Lava
947,Merry,Dubois,mduboisqa@csmonitor.com,Female,41,Yezz
948,Gar,Ricciardelli,gricciardelliqb@dagondesign.com,Male,47,Samsung
949,Ilyssa,McIlmorow,imcilmorowqc@redcross.org,Female,49,Samsung
950,Hedwiga,Knewstubb,hknewstubbqd@shop-pro.jp,Female,74,Samsung
951,Kayley,Lohrensen,klohrensenqe@gmpg.org,Female,77,Honor
952,Jacqueline,Matyas,jmatyasqf@craigslist.org,Female,63,Microsoft
953,Abbie,McNickle,amcnickleqg@constantcontact.com,Male,74,Yezz
954,Arron,Breffitt,abreffittqh@etsy.com,Male,58,Samsung
955,Doreen,Lamacraft,dlamacraftqi@yelp.com,Polygender,52,Allview
956,Yancey,Laurent,ylaurentqj@unc.edu,Male,48,Micromax
957,Yul,Coppin,ycoppinqk@simplemachines.org,Male,80,Spice
958,Dulcy,Corse,dcorseql@adobe.com,Agender,11,Intex
959,Mordy,Hrachovec,mhrachovecqm@a8.net,Male,19,Intex
960,Boot,Zuker,bzukerqn@geocities.jp,Male,22,Motorola
961,Orville,Medhurst,omedhurstqo@biglobe.ne.jp,Male,21,Samsung
962,Norri,Norwood,nnorwoodqp@soundcloud.com,Female,59,LG
963,Rayshell,Bickersteth,rbickerstethqq@businessweek.com,Female,30,Nokia
964,Carey,Shead,csheadqr@theguardian.com,Male,23,Philips
965,Doralia,Jery,djeryqs@sakura.ne.jp,Polygender,65,XOLO
966,Benedicto,Collishaw,bcollishawqt@mlb.com,Male,33,Plum
967,Carleen,Farndell,cfarndellqu@exblog.jp,Agender,18,Nokia
968,Penrod,Edmonds,pedmondsqv@jimdo.com,Male,42,Siemens
969,Tann,Rossey,trosseyqw@gmpg.org,Male,13,Allview
970,Lorie,Rowbottom,lrowbottomqx@behance.net,Female,61,Nokia
971,Josephina,Fogden,jfogdenqy@nytimes.com,Female,59,Honor
972,Katy,Bownas,kbownasqz@seattletimes.com,Female,79,Intex
973,Ailbert,Flanders,aflandersr0@themeforest.net,Male,41,HTC
974,Nefen,Basill,nbasillr1@java.com,Male,31,Nokia
975,Chrissie,Matuskiewicz,cmatuskiewiczr2@yellowbook.com,Genderqueer,79,Acer
976,Kenton,Fowlestone,kfowlestoner3@timesonline.co.uk,Male,15,LG
977,Giorgi,McCoveney,gmccoveneyr4@zdnet.com,Male,54,alcatel
978,Sheilah,Balk,sbalkr5@yahoo.com,Female,70,Infinix
979,Penn,Ivankin,pivankinr6@alexa.com,Male,80,Samsung
980,Leonelle,Filgate,lfilgater7@thetimes.co.uk,Female,53,Sagem
981,Estele,Brislen,ebrislenr8@cam.ac.uk,Female,75,Samsung
982,Abelard,Feldmann,afeldmannr9@tamu.edu,Male,62,Sendo
983,Karlee,Scholte,kscholtera@linkedin.com,Female,55,Samsung
984,Natalina,Benda,nbendarb@unc.edu,Female,61,BlackBerry
985,Marian,Purdey,mpurdeyrc@webnode.com,Female,12,Gionee
986,Kath,Alday,kaldayrd@printfriendly.com,Female,37,verykool
987,Rube,Erskine,rerskinere@tiny.cc,Male,56,Micromax
988,Julissa,Wilprecht,jwilprechtrf@dropbox.com,Female,31,Celkon
989,Niles,Chezelle,nchezellerg@miibeian.gov.cn,Male,49,Vodafone
990,Nike,Simanek,nsimanekrh@mac.com,Female,66,Panasonic
991,Verge,Edgeler,vedgelerri@diigo.com,Male,30,Sony
992,Gabi,Dooly,gdoolyrj@networkadvertising.org,Female,21,Philips
993,Kellia,Kinghorne,kkinghornerk@paypal.com,Female,28,Sewon
994,Catie,Kemmer,ckemmerrl@ustream.tv,Female,36,Honor
995,Oates,Wanell,owanellrm@google.pl,Male,33,Huawei
996,Estrellita,Armsden,earmsdenrn@clickbank.net,Female,26,Samsung
997,Dante,Weekes,dweekesro@addtoany.com,Male,15,Sagem
998,Sauveur,Spear,sspearrp@photobucket.com,Male,30,LG
999,Michelina,Cuttell,mcuttellrq@cam.ac.uk,Female,23,Ulefone
1000,Lilia,Stormes,lstormesrr@princeton.edu,Female,42,Samsung
